,id,name,localized_name,primary_attr,attack_type,roles,img,icon,base_health,base_health_regen,base_mana,base_mana_regen,base_armor,base_mr,base_attack_min,base_attack_max,base_str,base_agi,base_int,str_gain,agi_gain,int_gain,attack_range,projectile_speed,attack_rate,move_speed,turn_rate,cm_enabled,legs,hero_id,turbo_picks,turbo_wins,pro_win,pro_pick,pro_ban,1_pick,1_win,2_pick,2_win,3_pick,3_win,4_pick,4_win,5_pick,5_win,6_pick,6_win,7_pick,7_win,8_pick,8_win,null_pick,null_win
0,1,npc_dota_hero_antimage,Anti-Mage,agi,Melee,"['Carry', 'Escape', 'Nuker']",/apps/dota2/images/heroes/antimage_full.png?,/apps/dota2/images/heroes/antimage_icon.png,200,0.25,75,0.0,0.0,25,29,33,23,24,12,1.6,2.8,1.8,150,0,1.4,310,,True,2,1,316632,161003,22,44,143,21520,10710,40890,20753,51518,25821,46189,23343,27881,13854,12534,6163,5330,2615,1553,743,1989064,0
1,2,npc_dota_hero_axe,Axe,str,Melee,"['Initiator', 'Durable', 'Disabler', 'Jungler', 'Carry']",/apps/dota2/images/heroes/axe_full.png?,/apps/dota2/images/heroes/axe_icon.png,200,2.75,75,0.0,-1.0,25,27,31,25,20,18,3.4,2.2,1.6,150,900,1.7,310,,True,2,2,377294,195141,129,261,313,26498,13864,51298,27044,65740,34282,59304,30996,36657,18858,16908,8568,7331,3703,2268,1082,2250862,0
2,3,npc_dota_hero_bane,Bane,int,Ranged,"['Support', 'Disabler', 'Nuker', 'Durable']",/apps/dota2/images/heroes/bane_full.png?,/apps/dota2/images/heroes/bane_icon.png,200,0.25,75,0.0,1.0,25,35,41,22,22,22,2.6,2.6,2.6,400,900,1.7,305,,True,4,3,70816,32114,16,34,2,3639,1675,7211,3539,9950,4866,9698,4793,6633,3386,3492,1770,1758,881,781,414,373933,0
3,4,npc_dota_hero_bloodseeker,Bloodseeker,agi,Melee,"['Carry', 'Disabler', 'Jungler', 'Nuker', 'Initiator']",/apps/dota2/images/heroes/bloodseeker_full.png?,/apps/dota2/images/heroes/bloodseeker_icon.png,200,0.25,75,0.0,2.0,25,35,41,24,22,17,2.7,3.4,2.0,150,900,1.7,300,,True,2,4,228921,115225,30,61,79,14680,7486,19235,10174,19873,10370,16570,8607,9970,5126,4206,2191,1674,847,497,266,834081,0
4,5,npc_dota_hero_crystal_maiden,Crystal Maiden,int,Ranged,"['Support', 'Disabler', 'Nuker', 'Jungler']",/apps/dota2/images/heroes/crystal_maiden_full.png?,/apps/dota2/images/heroes/crystal_maiden_icon.png,200,0.25,75,1.0,-1.0,25,28,34,18,16,16,2.2,1.6,3.3,600,900,1.7,280,,True,2,5,296579,147864,8,27,1,23169,12027,39661,20004,47876,23874,41296,20375,24259,11950,10250,4947,4106,1968,1035,471,2062541,0
5,6,npc_dota_hero_drow_ranger,Drow Ranger,agi,Ranged,"['Carry', 'Disabler', 'Pusher']",/apps/dota2/images/heroes/drow_ranger_full.png?,/apps/dota2/images/heroes/drow_ranger_icon.png,200,0.25,75,0.0,0.0,25,29,36,18,20,15,1.9,2.9,1.4,625,1250,1.7,290,0.7,True,2,6,542358,289008,39,76,186,27783,14593,43651,22725,50865,26629,43937,22985,26327,13682,11438,5725,4841,2418,1314,628,1677226,0
6,7,npc_dota_hero_earthshaker,Earthshaker,str,Melee,"['Support', 'Initiator', 'Disabler', 'Nuker']",/apps/dota2/images/heroes/earthshaker_full.png?,/apps/dota2/images/heroes/earthshaker_icon.png,200,1.0,75,0.0,2.0,25,27,37,22,12,18,3.7,1.4,2.1,150,0,1.7,315,0.9,True,2,7,308833,148881,12,35,6,15099,7236,29153,13826,39264,18875,37109,17730,22490,10818,9787,4726,3769,1859,921,441,1674785,0
7,8,npc_dota_hero_juggernaut,Juggernaut,agi,Melee,"['Carry', 'Pusher', 'Escape']",/apps/dota2/images/heroes/juggernaut_full.png?,/apps/dota2/images/heroes/juggernaut_icon.png,200,0.5,75,0.0,0.0,25,16,20,20,34,14,2.2,2.8,1.4,150,0,1.4,305,,True,2,8,582243,293479,37,77,154,31124,15782,58529,29528,75863,38666,68988,35076,41683,21094,18449,9244,7325,3616,1552,753,3064719,0
8,9,npc_dota_hero_mirana,Mirana,agi,Ranged,"['Carry', 'Support', 'Escape', 'Nuker', 'Disabler']",/apps/dota2/images/heroes/mirana_full.png?,/apps/dota2/images/heroes/mirana_icon.png,200,0.25,75,0.4,-1.0,25,27,32,18,18,22,2.2,3.7,1.9,630,900,1.7,290,,True,2,9,372512,192373,137,274,154,17521,9062,41273,21452,60572,31659,59064,30584,37836,19468,17461,9036,7569,3857,2882,1491,2168833,0
9,10,npc_dota_hero_morphling,Morphling,agi,Ranged,"['Carry', 'Escape', 'Durable', 'Nuker', 'Disabler']",/apps/dota2/images/heroes/morphling_full.png?,/apps/dota2/images/heroes/morphling_icon.png,200,0.25,75,0.0,-2.0,25,9,18,22,24,19,3.0,4.1,1.8,350,1300,1.5,280,,True,0,10,234864,119529,35,97,240,14394,7255,26004,13045,32751,15962,30814,14725,20544,9639,10320,4853,4884,2310,1876,925,1355070,0
10,11,npc_dota_hero_nevermore,Shadow Fiend,agi,Ranged,"['Carry', 'Nuker']",/apps/dota2/images/heroes/nevermore_full.png?,/apps/dota2/images/heroes/nevermore_icon.png,200,0.25,75,0.3,1.0,25,19,25,19,20,18,2.7,3.5,2.2,500,1200,1.6,305,0.9,True,0,11,534218,252580,13,37,15,26334,12758,47215,22984,60650,29265,57136,27646,36551,17436,16648,7879,6942,3284,1644,737,2429234,0
11,12,npc_dota_hero_phantom_lancer,Phantom Lancer,agi,Melee,"['Carry', 'Escape', 'Pusher', 'Nuker']",/apps/dota2/images/heroes/phantom_lancer_full.png?,/apps/dota2/images/heroes/phantom_lancer_icon.png,200,1.5,75,0.0,-1.0,25,26,36,19,26,21,2.2,3.2,2.0,150,900,1.7,290,,True,2,12,249360,129872,47,112,439,17446,8881,29186,14760,35596,18045,31921,16216,21037,10891,10465,5403,5702,2931,2409,1184,1511638,0
12,13,npc_dota_hero_puck,Puck,int,Ranged,"['Initiator', 'Disabler', 'Escape', 'Nuker']",/apps/dota2/images/heroes/puck_full.png?,/apps/dota2/images/heroes/puck_icon.png,200,0.5,75,0.0,-3.0,25,22,30,17,22,23,2.4,2.5,3.5,550,900,1.7,290,0.8,True,2,13,181854,85664,155,285,695,7702,3619,18815,9016,33019,16030,38562,18888,28864,14264,15146,7465,7767,3856,3139,1538,1642771,0
13,14,npc_dota_hero_pudge,Pudge,str,Melee,"['Disabler', 'Initiator', 'Durable', 'Nuker']",/apps/dota2/images/heroes/pudge_full.png?,/apps/dota2/images/heroes/pudge_icon.png,200,2.0,75,0.0,0.0,25,42,48,25,14,16,3.0,1.4,1.5,175,0,1.7,280,0.7,True,2,14,1384446,664026,39,94,53,45645,23713,84243,42691,108134,54551,100686,50633,63329,31535,28997,14181,12464,6003,3426,1519,3681325,0
14,15,npc_dota_hero_razor,Razor,agi,Ranged,"['Carry', 'Durable', 'Nuker', 'Pusher']",/apps/dota2/images/heroes/razor_full.png?,/apps/dota2/images/heroes/razor_icon.png,200,1.0,75,0.0,-1.0,25,23,25,22,22,21,2.8,2.6,2.2,475,2000,1.7,290,,True,0,15,149202,73149,34,79,136,9105,4371,13733,6888,17526,8793,17700,8934,11569,5760,5550,2833,2466,1253,691,329,789579,0
15,16,npc_dota_hero_sand_king,Sand King,str,Melee,"['Initiator', 'Disabler', 'Support', 'Nuker', 'Escape', 'Jungler']",/apps/dota2/images/heroes/sand_king_full.png?,/apps/dota2/images/heroes/sand_king_icon.png,200,0.25,75,0.0,-1.0,25,23,33,22,19,19,2.7,1.8,1.8,150,900,1.7,290,,True,6,16,270877,146755,134,238,238,13736,7376,27389,14496,39030,20586,39357,20820,27108,14368,14222,7394,6781,3553,2508,1322,1430538,0
16,17,npc_dota_hero_storm_spirit,Storm Spirit,int,Ranged,"['Carry', 'Escape', 'Nuker', 'Initiator', 'Disabler']",/apps/dota2/images/heroes/storm_spirit_full.png?,/apps/dota2/images/heroes/storm_spirit_icon.png,200,0.25,75,0.0,2.0,25,26,36,21,22,23,2.0,1.7,3.9,480,1100,1.7,285,0.8,True,2,17,245530,114169,73,139,280,12641,5801,25541,11979,35602,16890,35872,17134,23764,11558,11487,5650,5142,2515,1888,966,1475350,0
17,18,npc_dota_hero_sven,Sven,str,Melee,"['Carry', 'Disabler', 'Initiator', 'Durable', 'Nuker']",/apps/dota2/images/heroes/sven_full.png?,/apps/dota2/images/heroes/sven_icon.png,200,0.25,75,0.0,1.0,25,41,43,22,21,16,3.2,2.0,1.3,150,0,1.8,325,,True,2,18,221633,107009,40,75,65,15250,7454,24384,11603,27083,12951,22165,10687,12937,6340,5839,2901,2631,1303,1031,519,872582,0
18,19,npc_dota_hero_tiny,Tiny,str,Melee,"['Carry', 'Nuker', 'Pusher', 'Initiator', 'Durable', 'Disabler']",/apps/dota2/images/heroes/tiny_full.png?,/apps/dota2/images/heroes/tiny_icon.png,200,1.5,75,0.0,0.0,25,31,37,28,0,17,3.8,0.0,2.2,150,900,1.7,295,,True,2,19,172083,72471,58,126,95,8144,3585,15804,6827,22372,9851,23775,10736,16652,7435,8558,3930,4216,1982,1706,782,994154,0
19,20,npc_dota_hero_vengefulspirit,Vengeful Spirit,agi,Ranged,"['Support', 'Initiator', 'Disabler', 'Nuker', 'Escape']",/apps/dota2/images/heroes/vengefulspirit_full.png?,/apps/dota2/images/heroes/vengefulspirit_icon.png,200,0.25,75,0.0,0.0,25,24,30,19,20,19,2.6,3.8,1.5,400,1500,1.7,295,,True,2,20,247582,131382,7,14,7,11318,5821,21941,11240,29981,15391,29063,14902,17924,9158,8137,4117,3054,1530,677,345,834052,0
20,21,npc_dota_hero_windrunner,Windranger,int,Ranged,"['Carry', 'Support', 'Disabler', 'Escape', 'Nuker']",/apps/dota2/images/heroes/windrunner_full.png?,/apps/dota2/images/heroes/windrunner_icon.png,200,0.25,75,0.0,-1.0,25,24,36,18,17,18,3.0,1.4,3.6,600,1250,1.5,290,0.8,True,2,21,614224,314183,43,106,46,27392,13753,49992,25164,66607,33782,63507,32178,41140,20936,19170,9772,8276,4069,2480,1252,2591513,0
21,22,npc_dota_hero_zuus,Zeus,int,Ranged,"['Nuker', 'Carry']",/apps/dota2/images/heroes/zuus_full.png?,/apps/dota2/images/heroes/zuus_icon.png,200,0.25,75,0.0,2.0,25,33,41,19,11,22,2.1,1.2,3.3,380,1100,1.7,310,,True,2,22,545512,292840,10,28,36,22488,11919,38748,20541,48249,25433,42747,22077,25023,12643,10396,5209,3655,1758,703,320,1786880,0
22,23,npc_dota_hero_kunkka,Kunkka,str,Melee,"['Carry', 'Support', 'Disabler', 'Initiator', 'Durable', 'Nuker']",/apps/dota2/images/heroes/kunkka_full.png?,/apps/dota2/images/heroes/kunkka_icon.png,200,0.75,75,0.0,2.0,25,26,36,24,14,18,3.8,1.6,1.8,150,900,1.7,315,,True,2,23,211692,101738,74,144,247,12960,6231,24564,11954,33353,16359,31430,15673,19525,9812,8556,4296,3475,1690,1255,645,996091,0
23,25,npc_dota_hero_lina,Lina,int,Ranged,"['Support', 'Carry', 'Nuker', 'Disabler']",/apps/dota2/images/heroes/lina_full.png?,/apps/dota2/images/heroes/lina_icon.png,200,0.25,75,0.0,0.0,25,21,29,20,23,30,2.4,2.1,3.7,670,1000,1.6,290,,True,2,25,468468,211744,156,296,455,26129,11845,45756,21153,61167,28790,59449,28318,39373,19063,18940,9170,8690,4354,3046,1509,1992859,0
24,26,npc_dota_hero_lion,Lion,int,Ranged,"['Support', 'Disabler', 'Nuker', 'Initiator']",/apps/dota2/images/heroes/lion_full.png?,/apps/dota2/images/heroes/lion_icon.png,200,0.25,75,0.0,-1.0,25,29,35,18,18,18,2.2,1.5,3.5,600,900,1.7,290,,True,2,26,686062,314186,238,471,198,41144,20356,77735,38058,99867,48763,91986,45038,57099,27752,25797,12595,11143,5341,3507,1751,3579491,0
25,27,npc_dota_hero_shadow_shaman,Shadow Shaman,int,Ranged,"['Support', 'Pusher', 'Disabler', 'Nuker', 'Initiator']",/apps/dota2/images/heroes/shadow_shaman_full.png?,/apps/dota2/images/heroes/shadow_shaman_icon.png,200,0.25,75,0.0,2.0,25,46,53,23,16,25,2.3,1.6,3.5,400,900,1.7,285,,True,2,27,371623,192004,24,36,16,26156,13170,45671,23320,57022,29194,50999,26250,31437,16101,14092,7212,6153,3102,1420,722,2323741,0
26,28,npc_dota_hero_slardar,Slardar,str,Melee,"['Carry', 'Durable', 'Initiator', 'Disabler', 'Escape']",/apps/dota2/images/heroes/slardar_full.png?,/apps/dota2/images/heroes/slardar_icon.png,200,0.5,75,0.0,3.0,25,30,38,21,17,15,3.6,2.4,1.5,150,0,1.7,300,,True,0,28,255537,134812,19,35,25,14776,7508,26983,13544,33153,16641,28967,14520,16425,8195,6862,3403,2628,1311,590,288,1208951,0
27,29,npc_dota_hero_tidehunter,Tidehunter,str,Melee,"['Initiator', 'Durable', 'Disabler', 'Nuker', 'Carry']",/apps/dota2/images/heroes/tidehunter_full.png?,/apps/dota2/images/heroes/tidehunter_icon.png,200,0.25,75,0.5,0.0,25,25,31,27,15,18,3.5,1.5,1.7,150,900,1.7,300,,True,2,29,192606,97594,92,179,303,12167,6141,25925,12970,35770,18008,33081,16605,20418,9978,8975,4329,3763,1829,1181,565,1276945,0
28,30,npc_dota_hero_witch_doctor,Witch Doctor,int,Ranged,"['Support', 'Nuker', 'Disabler']",/apps/dota2/images/heroes/witch_doctor_full.png?,/apps/dota2/images/heroes/witch_doctor_icon.png,200,0.25,75,0.0,0.0,25,29,39,18,13,22,2.3,1.4,3.3,600,1200,1.7,300,,True,2,30,317852,154739,14,33,6,26006,12996,47413,23591,57254,27905,49137,23793,27664,13251,11453,5428,4193,2013,983,433,2144956,0
29,31,npc_dota_hero_lich,Lich,int,Ranged,"['Support', 'Nuker']",/apps/dota2/images/heroes/lich_full.png?,/apps/dota2/images/heroes/lich_icon.png,200,0.25,75,0.75,-1.0,25,24,33,20,15,24,2.1,2.0,4.1,550,900,1.7,295,,True,2,31,176236,86627,10,33,5,13186,6477,22800,11259,30060,14900,28519,13982,18333,9102,8516,4168,3736,1812,860,391,1267386,0
30,32,npc_dota_hero_riki,Riki,agi,Melee,"['Carry', 'Escape', 'Disabler']",/apps/dota2/images/heroes/riki_full.png?,/apps/dota2/images/heroes/riki_icon.png,200,2.5,75,0.0,3.0,25,41,45,18,18,14,2.4,1.4,1.3,150,900,1.7,320,,True,2,32,303515,157981,25,53,59,17187,9096,28583,15126,34782,18509,31184,16536,19642,10350,9105,4929,4019,2132,1226,688,1280079,0
31,33,npc_dota_hero_enigma,Enigma,int,Ranged,"['Disabler', 'Jungler', 'Initiator', 'Pusher']",/apps/dota2/images/heroes/enigma_full.png?,/apps/dota2/images/heroes/enigma_icon.png,200,0.25,75,0.0,2.0,25,24,30,21,14,19,2.5,1.0,3.6,500,900,1.7,290,,True,0,33,290670,160528,11,33,30,10783,5790,19840,10698,24703,13378,20706,11056,12332,6592,5533,2948,2551,1344,766,407,798203,0
32,34,npc_dota_hero_tinker,Tinker,int,Ranged,"['Carry', 'Nuker', 'Pusher']",/apps/dota2/images/heroes/tinker_full.png?,/apps/dota2/images/heroes/tinker_icon.png,200,0.25,75,0.75,2.0,25,24,30,18,13,30,2.5,1.2,3.3,500,900,1.7,290,,True,2,34,269539,121583,21,39,79,12128,5663,25611,12448,36038,17457,35440,17291,23890,11706,11437,5832,4978,2507,1351,710,1205716,0
33,35,npc_dota_hero_sniper,Sniper,agi,Ranged,"['Carry', 'Nuker']",/apps/dota2/images/heroes/sniper_full.png?,/apps/dota2/images/heroes/sniper_icon.png,200,0.25,75,0.0,-1.0,25,13,19,19,27,15,2.0,3.2,2.6,550,3000,1.7,285,0.7,True,2,35,956704,480847,3,16,1,40422,20308,64045,32037,70472,35496,54943,27401,27619,13530,9535,4640,2419,1129,408,198,2309010,0
34,36,npc_dota_hero_necrolyte,Necrophos,int,Ranged,"['Carry', 'Nuker', 'Durable', 'Disabler']",/apps/dota2/images/heroes/necrolyte_full.png?,/apps/dota2/images/heroes/necrolyte_icon.png,200,0.25,75,0.0,1.0,25,26,30,18,12,21,2.3,1.3,2.7,500,1200,1.7,280,,True,2,36,217923,113872,12,23,22,14309,7598,25317,13396,30641,16299,26762,14318,15445,8225,6565,3440,2731,1429,623,327,1084237,0
35,37,npc_dota_hero_warlock,Warlock,int,Ranged,"['Support', 'Initiator', 'Disabler']",/apps/dota2/images/heroes/warlock_full.png?,/apps/dota2/images/heroes/warlock_icon.png,200,0.25,75,0.0,1.0,25,24,34,24,10,25,3.0,1.0,3.1,600,1200,1.7,290,,True,2,37,132979,72114,6,19,9,7544,3844,14954,7753,20184,10397,19185,9785,12620,6424,5942,3050,2452,1174,635,321,915412,0
36,38,npc_dota_hero_beastmaster,Beastmaster,str,Melee,"['Initiator', 'Disabler', 'Durable', 'Nuker']",/apps/dota2/images/heroes/beastmaster_full.png?,/apps/dota2/images/heroes/beastmaster_icon.png,200,0.25,75,0.0,0.0,25,35,39,23,18,16,2.9,1.6,1.9,150,0,1.7,305,,True,2,38,54772,23794,45,79,155,2113,942,3987,1773,5531,2559,5689,2648,3976,1883,2413,1244,1443,810,768,452,377808,0
37,39,npc_dota_hero_queenofpain,Queen of Pain,int,Ranged,"['Carry', 'Nuker', 'Escape']",/apps/dota2/images/heroes/queenofpain_full.png?,/apps/dota2/images/heroes/queenofpain_icon.png,200,0.25,75,0.0,0.0,25,24,30,18,22,25,2.4,2.5,3.4,550,1500,1.5,290,,True,2,39,247548,115665,16,34,40,12708,6020,24670,11442,34362,16208,33074,15651,21304,10179,9547,4615,3786,1849,1028,487,1358010,0
38,40,npc_dota_hero_venomancer,Venomancer,agi,Ranged,"['Support', 'Nuker', 'Initiator', 'Pusher', 'Disabler']",/apps/dota2/images/heroes/venomancer_full.png?,/apps/dota2/images/heroes/venomancer_icon.png,200,0.25,75,0.0,0.0,25,18,21,19,24,19,2.1,3.0,1.8,450,900,1.7,280,,True,0,40,289582,148763,16,35,63,12481,6230,23806,12008,32028,16148,30016,15325,18384,9596,8158,4061,3346,1711,867,446,1124396,0
39,41,npc_dota_hero_faceless_void,Faceless Void,agi,Melee,"['Carry', 'Initiator', 'Disabler', 'Escape', 'Durable']",/apps/dota2/images/heroes/faceless_void_full.png?,/apps/dota2/images/heroes/faceless_void_icon.png,200,0.5,75,0.0,1.0,25,37,43,20,19,15,2.4,3.0,1.5,150,900,1.7,300,0.9,True,2,41,365098,186012,69,128,260,21353,10255,39726,19283,49597,24073,43721,21510,27118,13500,12328,6293,5538,2823,2070,1090,1765076,0
40,42,npc_dota_hero_skeleton_king,Wraith King,str,Melee,"['Carry', 'Support', 'Durable', 'Disabler', 'Initiator']",/apps/dota2/images/heroes/skeleton_king_full.png?,/apps/dota2/images/heroes/skeleton_king_icon.png,200,0.25,75,0.0,-1.0,25,38,40,22,18,18,3.0,1.7,1.6,150,0,1.7,315,,True,2,42,389679,216165,36,90,106,23530,12794,41046,21906,48409,25528,41485,21397,24767,12689,10904,5510,4489,2240,1249,616,2218682,0
41,43,npc_dota_hero_death_prophet,Death Prophet,int,Ranged,"['Carry', 'Pusher', 'Nuker', 'Disabler']",/apps/dota2/images/heroes/death_prophet_full.png?,/apps/dota2/images/heroes/death_prophet_icon.png,200,0.25,75,0.0,1.0,25,23,33,21,14,24,3.1,1.4,3.5,600,1000,1.7,320,0.8,True,2,43,98470,45645,26,62,136,5947,2706,8870,3966,10991,5120,9475,4312,5798,2681,2610,1231,1285,607,446,211,587246,0
42,44,npc_dota_hero_phantom_assassin,Phantom Assassin,agi,Melee,"['Carry', 'Escape']",/apps/dota2/images/heroes/phantom_assassin_full.png?,/apps/dota2/images/heroes/phantom_assassin_icon.png,200,0.25,75,0.0,1.0,25,32,34,21,23,15,2.2,3.4,1.4,150,900,1.7,305,,True,2,44,658088,338537,20,48,47,33874,16497,54840,26210,62981,29537,52571,24084,29473,13351,11892,5247,4267,1939,994,439,2466311,0
43,45,npc_dota_hero_pugna,Pugna,int,Ranged,"['Nuker', 'Pusher']",/apps/dota2/images/heroes/pugna_full.png?,/apps/dota2/images/heroes/pugna_icon.png,200,0.25,75,0.5,0.0,25,21,28,19,24,24,2.0,1.3,5.2,630,900,1.7,330,,True,2,45,187258,87514,24,44,52,8863,4119,14301,6639,17708,8484,16714,7861,10628,5154,4879,2397,2243,1084,696,333,740128,0
44,46,npc_dota_hero_templar_assassin,Templar Assassin,agi,Ranged,"['Carry', 'Escape']",/apps/dota2/images/heroes/templar_assassin_full.png?,/apps/dota2/images/heroes/templar_assassin_icon.png,200,0.25,75,0.0,0.0,25,30,36,21,23,20,2.4,3.2,2.0,160,900,1.7,305,0.7,True,2,46,199922,94165,178,290,566,15409,7064,25870,12419,35457,17380,36658,18420,25828,13377,13752,7078,6831,3535,2619,1350,1016872,0
45,47,npc_dota_hero_viper,Viper,agi,Ranged,"['Carry', 'Durable', 'Initiator', 'Disabler']",/apps/dota2/images/heroes/viper_full.png?,/apps/dota2/images/heroes/viper_icon.png,200,0.25,75,0.0,-2.0,25,27,29,21,21,17,2.4,2.5,2.0,575,1200,1.7,275,,True,0,47,469051,230913,73,151,541,23186,11025,35354,16910,43037,20859,37926,18710,22239,10750,9735,4735,4411,2128,1562,791,1507482,0
46,48,npc_dota_hero_luna,Luna,agi,Ranged,"['Carry', 'Nuker', 'Pusher']",/apps/dota2/images/heroes/luna_full.png?,/apps/dota2/images/heroes/luna_icon.png,200,0.5,75,0.0,2.0,25,26,32,21,24,23,2.2,3.4,1.9,330,900,1.7,325,,True,2,48,418357,220483,190,384,410,23977,12538,46114,24495,65257,35124,66014,35632,45691,24822,23339,12753,11281,6146,4109,2183,1702241,0
47,49,npc_dota_hero_dragon_knight,Dragon Knight,str,Melee,"['Carry', 'Pusher', 'Durable', 'Disabler', 'Initiator', 'Nuker']",/apps/dota2/images/heroes/dragon_knight_full.png?,/apps/dota2/images/heroes/dragon_knight_icon.png,200,0.25,75,0.0,0.0,25,31,37,21,19,18,3.4,2.0,1.7,150,900,1.7,310,,True,2,49,191265,97450,147,301,401,15826,8007,29750,15036,38929,19665,36758,18683,24021,12355,11560,5797,5469,2770,2146,1090,1245623,0
48,50,npc_dota_hero_dazzle,Dazzle,int,Ranged,"['Support', 'Nuker', 'Disabler']",/apps/dota2/images/heroes/dazzle_full.png?,/apps/dota2/images/heroes/dazzle_icon.png,200,0.25,75,0.0,-1.0,25,22,28,18,20,25,2.5,1.7,3.7,550,1200,1.7,305,0.7,True,2,50,289241,156474,2,18,8,17384,9388,34867,18755,43370,23284,37724,19956,21890,11326,9048,4727,3150,1590,576,285,1512176,0
49,51,npc_dota_hero_rattletrap,Clockwerk,str,Melee,"['Initiator', 'Disabler', 'Durable', 'Nuker']",/apps/dota2/images/heroes/rattletrap_full.png?,/apps/dota2/images/heroes/rattletrap_icon.png,200,0.25,75,0.0,0.0,25,24,26,26,13,18,3.5,2.3,1.5,150,900,1.7,310,,True,2,51,145117,74971,83,168,120,5415,2647,12828,6242,19408,9471,19924,9706,13388,6481,6672,3388,2807,1388,1011,493,868420,0
50,52,npc_dota_hero_leshrac,Leshrac,int,Ranged,"['Carry', 'Support', 'Nuker', 'Pusher', 'Disabler']",/apps/dota2/images/heroes/leshrac_full.png?,/apps/dota2/images/heroes/leshrac_icon.png,200,0.25,75,0.0,0.0,25,22,26,20,23,22,2.5,2.8,3.5,575,900,1.7,325,,True,4,52,114357,54397,113,204,266,4974,2377,9733,4625,14736,6909,16309,7663,12185,5811,6751,3290,4019,2000,1914,979,568179,0
51,53,npc_dota_hero_furion,Nature's Prophet,int,Ranged,"['Carry', 'Jungler', 'Pusher', 'Escape', 'Nuker']",/apps/dota2/images/heroes/furion_full.png?,/apps/dota2/images/heroes/furion_icon.png,200,0.25,75,0.5,0.0,25,27,37,21,22,23,2.6,3.6,3.7,600,1125,1.7,295,,True,2,53,382896,192450,24,53,52,16354,7256,23648,9862,24444,10018,19730,7998,10761,4324,4450,1864,1600,714,526,224,894546,0
52,54,npc_dota_hero_life_stealer,Lifestealer,str,Melee,"['Carry', 'Durable', 'Jungler', 'Escape', 'Disabler']",/apps/dota2/images/heroes/life_stealer_full.png?,/apps/dota2/images/heroes/life_stealer_icon.png,200,0.25,75,0.0,1.0,25,22,28,25,18,15,2.4,2.4,1.8,150,900,1.7,320,0.9,True,2,54,247703,126678,46,92,199,14656,7271,26116,13057,32495,16254,29354,14894,17817,8940,7663,3870,2910,1397,700,328,1365763,0
53,55,npc_dota_hero_dark_seer,Dark Seer,int,Melee,"['Initiator', 'Jungler', 'Escape', 'Disabler']",/apps/dota2/images/heroes/dark_seer_full.png?,/apps/dota2/images/heroes/dark_seer_icon.png,200,0.25,75,0.0,2.0,25,33,39,20,18,21,3.1,1.8,3.1,150,900,1.7,295,,True,2,55,140381,79414,102,174,360,4976,2688,9744,5310,13565,7414,14406,7658,10723,5863,5902,3141,3265,1823,1490,797,486476,0
54,56,npc_dota_hero_clinkz,Clinkz,agi,Ranged,"['Carry', 'Escape', 'Pusher']",/apps/dota2/images/heroes/clinkz_full.png?,/apps/dota2/images/heroes/clinkz_icon.png,200,0.25,75,0.0,0.0,25,15,21,16,22,18,2.0,2.7,2.2,625,900,1.7,290,,True,2,56,304239,162798,10,20,11,11884,5970,19082,9794,22098,11474,20982,11178,14341,7594,6703,3616,2941,1522,728,372,825053,0
55,57,npc_dota_hero_omniknight,Omniknight,str,Melee,"['Support', 'Durable', 'Nuker']",/apps/dota2/images/heroes/omniknight_full.png?,/apps/dota2/images/heroes/omniknight_icon.png,200,0.25,75,0.0,1.0,25,31,41,23,15,15,3.1,2.0,1.8,150,900,1.7,315,,True,2,57,89384,46916,33,62,44,4670,2443,8915,4706,10969,5785,9937,5363,6183,3365,2853,1521,1144,617,433,235,393810,0
56,58,npc_dota_hero_enchantress,Enchantress,int,Ranged,"['Support', 'Jungler', 'Pusher', 'Durable', 'Disabler']",/apps/dota2/images/heroes/enchantress_full.png?,/apps/dota2/images/heroes/enchantress_icon.png,200,0.25,75,0.0,1.0,25,23,33,17,19,22,1.7,1.8,3.8,575,900,1.7,320,,True,4,58,138843,66099,64,137,121,8009,3671,10911,5061,11652,5129,10233,4594,6144,2719,2782,1217,1206,524,621,267,453177,0
57,59,npc_dota_hero_huskar,Huskar,str,Ranged,"['Carry', 'Durable', 'Initiator']",/apps/dota2/images/heroes/huskar_full.png?,/apps/dota2/images/heroes/huskar_icon.png,200,0.25,75,0.0,-1.0,25,21,26,21,13,18,3.4,1.6,1.5,400,1400,1.6,295,,True,2,59,276439,143700,6,15,31,18465,9418,23423,12091,24210,12732,19414,10162,11325,6047,4932,2653,2129,1183,507,246,1031756,0
58,60,npc_dota_hero_night_stalker,Night Stalker,str,Melee,"['Carry', 'Initiator', 'Durable', 'Disabler', 'Nuker']",/apps/dota2/images/heroes/night_stalker_full.png?,/apps/dota2/images/heroes/night_stalker_icon.png,200,2.25,75,0.0,2.0,25,40,44,23,18,15,3.0,2.3,1.6,150,900,1.7,295,,True,2,60,88740,42520,46,75,71,4889,2365,10112,4998,14526,7510,14983,7668,10804,5773,5268,2754,2677,1408,950,503,584877,0
59,61,npc_dota_hero_broodmother,Broodmother,agi,Melee,"['Carry', 'Pusher', 'Escape', 'Nuker']",/apps/dota2/images/heroes/broodmother_full.png?,/apps/dota2/images/heroes/broodmother_icon.png,200,0.25,75,0.0,0.0,25,29,35,18,19,18,3.2,3.0,2.0,150,900,1.7,275,,True,8,61,77857,33043,60,97,751,5046,2244,7511,3517,9022,4534,9122,4752,6997,3804,4271,2416,2780,1594,1680,983,346809,0
60,62,npc_dota_hero_bounty_hunter,Bounty Hunter,agi,Melee,"['Escape', 'Nuker']",/apps/dota2/images/heroes/bounty_hunter_full.png?,/apps/dota2/images/heroes/bounty_hunter_icon.png,200,1.25,75,0.5,4.0,25,30,38,20,21,22,2.5,2.6,1.9,150,900,1.7,320,,True,2,62,302159,135052,8,24,4,17359,8283,28207,13598,35474,17543,34710,17486,23758,12032,11074,5603,5122,2600,1667,865,1450754,0
61,63,npc_dota_hero_weaver,Weaver,agi,Ranged,"['Carry', 'Escape']",/apps/dota2/images/heroes/weaver_full.png?,/apps/dota2/images/heroes/weaver_icon.png,200,1.0,75,0.75,0.0,25,36,46,16,17,20,2.0,3.1,2.0,425,900,1.8,275,,True,4,63,304773,153755,16,33,22,16187,7966,24622,11933,26727,13030,22374,11066,13362,6546,5827,2922,2363,1164,688,333,1198461,0
62,64,npc_dota_hero_jakiro,Jakiro,int,Ranged,"['Support', 'Nuker', 'Pusher', 'Disabler']",/apps/dota2/images/heroes/jakiro_full.png?,/apps/dota2/images/heroes/jakiro_icon.png,200,0.25,75,0.0,1.0,25,27,35,27,15,26,3.0,1.2,2.8,400,1100,1.7,290,,True,2,64,184848,96035,7,22,9,10781,5628,23080,12029,33069,17059,32635,16895,20921,10719,9599,4921,4120,2081,1002,495,1251221,0
63,65,npc_dota_hero_batrider,Batrider,int,Ranged,"['Initiator', 'Jungler', 'Disabler', 'Escape']",/apps/dota2/images/heroes/batrider_full.png?,/apps/dota2/images/heroes/batrider_icon.png,200,1.75,75,0.0,1.0,25,19,23,28,15,22,2.9,1.8,2.9,400,900,1.7,300,0.9,True,2,65,65808,28034,47,106,347,2360,1020,4398,1902,6411,2715,6612,2897,4924,2263,2732,1345,1655,824,1091,580,239757,0
64,66,npc_dota_hero_chen,Chen,int,Ranged,"['Support', 'Jungler', 'Pusher']",/apps/dota2/images/heroes/chen_full.png?,/apps/dota2/images/heroes/chen_icon.png,200,0.25,75,0.5,-1.0,25,25,35,25,15,19,2.0,2.1,3.2,650,1100,1.7,300,,True,2,66,35804,15423,12,31,48,1168,494,2143,1009,2780,1277,2809,1331,2110,980,1115,519,594,313,323,168,91227,0
65,67,npc_dota_hero_spectre,Spectre,agi,Melee,"['Carry', 'Durable', 'Escape']",/apps/dota2/images/heroes/spectre_full.png?,/apps/dota2/images/heroes/spectre_icon.png,200,1.5,75,0.0,1.0,25,23,27,23,23,16,2.5,2.1,1.9,150,900,1.7,290,,True,0,67,357086,204100,49,101,223,19064,10629,40159,21743,54493,28841,51243,26539,32303,16273,14004,6818,5536,2679,1420,675,1571166,0
66,68,npc_dota_hero_ancient_apparition,Ancient Apparition,int,Ranged,"['Support', 'Disabler', 'Nuker']",/apps/dota2/images/heroes/ancient_apparition_full.png?,/apps/dota2/images/heroes/ancient_apparition_icon.png,200,0.25,75,0.0,-1.0,25,21,31,20,20,23,1.9,2.2,3.4,675,1250,1.7,285,,True,0,68,364404,194996,154,304,430,15279,8130,34524,18611,49131,26428,48734,26150,32626,17523,16072,8639,7441,3923,2996,1572,1746670,0
67,69,npc_dota_hero_doom_bringer,Doom,str,Melee,"['Carry', 'Disabler', 'Initiator', 'Durable', 'Nuker']",/apps/dota2/images/heroes/doom_bringer_full.png?,/apps/dota2/images/heroes/doom_bringer_icon.png,200,0.25,75,0.0,3.0,25,34,44,24,11,15,3.7,0.9,1.7,200,900,1.9,285,,True,2,69,118019,50763,44,97,229,7040,3110,14858,6699,21796,9784,22664,10327,16238,7510,8078,3702,3875,1813,1337,595,763831,0
68,70,npc_dota_hero_ursa,Ursa,agi,Melee,"['Carry', 'Jungler', 'Durable', 'Disabler']",/apps/dota2/images/heroes/ursa_full.png?,/apps/dota2/images/heroes/ursa_icon.png,200,0.5,75,0.0,1.0,25,24,28,25,18,16,2.6,2.6,1.5,150,900,1.7,310,,True,2,70,283289,149199,30,79,276,14358,6900,26814,13582,36844,18589,36195,18348,24189,12199,11736,5998,5406,2653,1559,792,1770860,0
69,71,npc_dota_hero_spirit_breaker,Spirit Breaker,str,Melee,"['Carry', 'Initiator', 'Disabler', 'Durable', 'Escape']",/apps/dota2/images/heroes/spirit_breaker_full.png?,/apps/dota2/images/heroes/spirit_breaker_icon.png,200,1.25,75,0.0,2.0,25,31,41,27,17,14,3.0,1.7,1.8,150,900,1.9,290,,True,2,71,383834,193872,10,23,5,18830,9574,31505,15834,37608,18841,33445,16852,20808,10516,9447,4670,3888,1963,1238,644,1399209,0
70,72,npc_dota_hero_gyrocopter,Gyrocopter,agi,Ranged,"['Carry', 'Nuker', 'Disabler']",/apps/dota2/images/heroes/gyrocopter_full.png?,/apps/dota2/images/heroes/gyrocopter_icon.png,200,0.25,75,0.0,2.0,25,16,22,22,26,21,2.5,3.3,2.4,365,3000,1.7,315,,True,2,72,212568,106605,101,202,182,10670,5222,21755,10495,31578,15318,33079,16090,23135,11315,11744,5712,5827,2842,2595,1276,925887,0
71,73,npc_dota_hero_alchemist,Alchemist,str,Melee,"['Carry', 'Support', 'Durable', 'Disabler', 'Initiator', 'Nuker']",/apps/dota2/images/heroes/alchemist_full.png?,/apps/dota2/images/heroes/alchemist_icon.png,200,0.25,75,0.0,-1.0,25,24,33,25,22,25,2.7,1.5,1.8,150,900,1.7,305,,True,2,73,111254,45941,12,19,14,7257,3255,12823,5844,15107,7002,12613,5758,7156,3396,2911,1390,936,397,204,92,864994,0
72,74,npc_dota_hero_invoker,Invoker,int,Ranged,"['Carry', 'Nuker', 'Disabler', 'Escape', 'Pusher']",/apps/dota2/images/heroes/invoker_full.png?,/apps/dota2/images/heroes/invoker_icon.png,200,0.25,75,0.0,0.0,25,29,35,18,14,15,2.4,1.9,4.6,600,900,1.7,275,,True,2,74,787344,386125,104,222,512,27759,13128,57430,27646,80733,39515,77824,38393,50000,24967,23130,11541,9960,5024,2960,1450,2705640,0
73,75,npc_dota_hero_silencer,Silencer,int,Ranged,"['Carry', 'Support', 'Disabler', 'Initiator', 'Nuker']",/apps/dota2/images/heroes/silencer_full.png?,/apps/dota2/images/heroes/silencer_icon.png,200,0.25,75,0.0,-1.0,25,18,32,19,22,25,2.4,2.4,2.9,600,900,1.7,290,,True,2,75,401010,218268,6,15,10,22077,11998,39953,21449,46666,24755,39095,20595,21673,11262,8560,4387,3257,1614,671,349,1556398,0
74,76,npc_dota_hero_obsidian_destroyer,Outworld Devourer,int,Ranged,"['Carry', 'Nuker', 'Disabler']",/apps/dota2/images/heroes/obsidian_destroyer_full.png?,/apps/dota2/images/heroes/obsidian_destroyer_icon.png,200,1.0,75,0.0,2.5,25,19,31,21,22,30,2.9,1.6,4.2,450,900,1.9,320,,True,4,76,163165,78802,8,23,44,8863,4173,17827,8617,26268,13252,26510,13095,17789,8913,8430,4153,3525,1749,774,375,1266269,0
75,77,npc_dota_hero_lycan,Lycan,str,Melee,"['Carry', 'Pusher', 'Jungler', 'Durable', 'Escape']",/apps/dota2/images/heroes/lycan_full.png?,/apps/dota2/images/heroes/lycan_icon.png,200,0.25,75,0.0,0.0,25,24,29,26,16,23,3.4,1.7,1.7,150,900,1.7,315,,True,2,77,83402,39265,17,39,53,3508,1663,5604,2526,6807,3175,6170,2985,4284,2115,2133,1103,1168,645,475,260,209781,0
76,78,npc_dota_hero_brewmaster,Brewmaster,str,Melee,"['Carry', 'Initiator', 'Durable', 'Disabler', 'Nuker']",/apps/dota2/images/heroes/brewmaster_full.png?,/apps/dota2/images/heroes/brewmaster_icon.png,200,0.5,75,0.0,-1.0,25,29,36,23,19,15,3.7,2.0,1.6,150,900,1.7,310,,True,2,78,57662,28460,65,139,108,2543,1265,4729,2335,6717,3370,7238,3656,5723,2859,3242,1641,1875,942,856,441,225458,0
77,79,npc_dota_hero_shadow_demon,Shadow Demon,int,Ranged,"['Support', 'Disabler', 'Initiator', 'Nuker']",/apps/dota2/images/heroes/shadow_demon_full.png?,/apps/dota2/images/heroes/shadow_demon_icon.png,200,0.25,75,0.0,0.0,25,29,33,23,18,22,2.6,2.2,3.6,500,900,1.7,290,,True,2,79,90763,41277,141,248,202,3679,1642,7829,3671,12192,5844,13165,6400,9795,4911,5185,2643,2584,1318,1111,559,426962,0
78,80,npc_dota_hero_lone_druid,Lone Druid,agi,Ranged,"['Carry', 'Pusher', 'Jungler', 'Durable']",/apps/dota2/images/heroes/lone_druid_full.png?,/apps/dota2/images/heroes/lone_druid_icon.png,200,0.25,75,0.0,-2.0,25,18,22,18,20,13,2.5,2.8,1.4,550,900,1.6,325,,True,2,80,59447,24632,7,10,11,3069,1367,4396,1944,5388,2368,4823,2210,2931,1353,1308,619,542,268,129,59,229246,0
79,81,npc_dota_hero_chaos_knight,Chaos Knight,str,Melee,"['Carry', 'Disabler', 'Durable', 'Pusher', 'Initiator']",/apps/dota2/images/heroes/chaos_knight_full.png?,/apps/dota2/images/heroes/chaos_knight_icon.png,200,0.25,75,0.0,2.0,25,29,59,22,18,18,3.2,1.4,1.2,150,900,1.7,320,,True,2,81,213629,114405,16,41,18,17733,9396,27242,14349,28348,14870,23733,12311,14077,7303,6687,3523,3213,1658,1049,542,1030120,0
80,82,npc_dota_hero_meepo,Meepo,agi,Melee,"['Carry', 'Escape', 'Nuker', 'Disabler', 'Initiator', 'Pusher']",/apps/dota2/images/heroes/meepo_full.png?,/apps/dota2/images/heroes/meepo_icon.png,200,0.25,75,0.0,4.0,25,29,35,24,17,20,1.6,1.6,1.6,150,900,1.7,330,0.7,True,2,82,99159,49257,3,4,10,5991,3149,7828,4155,8856,4810,7738,4147,4897,2597,2352,1302,1138,627,290,166,300152,0
81,83,npc_dota_hero_treant,Treant Protector,str,Melee,"['Support', 'Initiator', 'Durable', 'Disabler', 'Escape']",/apps/dota2/images/heroes/treant_full.png?,/apps/dota2/images/heroes/treant_icon.png,200,0.25,75,0.5,-1.0,25,62,70,25,15,20,3.4,2.0,1.8,150,900,1.9,285,,True,2,83,156373,79342,41,62,41,10511,5453,20105,10471,25570,13333,23026,11871,14440,7527,6689,3534,3159,1621,1137,608,915632,0
82,84,npc_dota_hero_ogre_magi,Ogre Magi,int,Melee,"['Support', 'Nuker', 'Disabler', 'Durable', 'Initiator']",/apps/dota2/images/heroes/ogre_magi_full.png?,/apps/dota2/images/heroes/ogre_magi_icon.png,200,3.25,75,0.0,5.0,25,34,40,23,14,15,3.3,1.5,2.5,150,900,1.7,290,,True,2,84,783833,419299,23,48,17,33985,18151,63732,33847,78675,41334,68356,35840,38840,20483,15951,8423,5985,3138,1178,595,2750456,0
83,85,npc_dota_hero_undying,Undying,str,Melee,"['Support', 'Durable', 'Disabler', 'Nuker']",/apps/dota2/images/heroes/undying_full.png?,/apps/dota2/images/heroes/undying_icon.png,200,0.25,75,0.0,1.0,25,35,43,22,10,27,2.8,1.2,2.8,150,900,1.7,300,,True,2,85,212969,111053,23,52,23,12737,6506,21839,10925,24743,12238,20903,10134,12358,6055,5417,2659,2398,1160,701,345,844298,0
84,86,npc_dota_hero_rubick,Rubick,int,Ranged,"['Support', 'Disabler', 'Nuker']",/apps/dota2/images/heroes/rubick_full.png?,/apps/dota2/images/heroes/rubick_icon.png,200,0.25,75,0.0,0.0,25,24,30,21,23,25,2.0,2.5,3.1,550,1125,1.7,290,0.7,True,2,86,426670,189110,69,138,43,15302,6738,33639,14927,50803,22797,53704,24537,36909,16862,17883,8274,7591,3542,2479,1167,2141036,0
85,87,npc_dota_hero_disruptor,Disruptor,int,Ranged,"['Support', 'Disabler', 'Nuker', 'Initiator']",/apps/dota2/images/heroes/disruptor_full.png?,/apps/dota2/images/heroes/disruptor_icon.png,200,0.25,75,0.0,0.0,25,29,33,21,15,20,2.4,1.4,2.9,625,1200,1.7,295,,True,2,87,155197,77629,39,85,20,9843,4910,22190,11235,32512,16263,32247,15963,21370,10798,10116,4983,4480,2182,1439,700,1236159,0
86,88,npc_dota_hero_nyx_assassin,Nyx Assassin,agi,Melee,"['Disabler', 'Nuker', 'Initiator', 'Escape']",/apps/dota2/images/heroes/nyx_assassin_full.png?,/apps/dota2/images/heroes/nyx_assassin_icon.png,200,2.0,75,0.0,1.0,25,27,31,17,18,21,2.5,2.5,2.1,150,900,1.7,310,,True,6,88,230406,118123,193,363,629,8066,4019,17170,8793,26119,13562,28530,14860,20817,11237,11028,5950,5660,3129,2542,1390,1032641,0
87,89,npc_dota_hero_naga_siren,Naga Siren,agi,Melee,"['Carry', 'Support', 'Pusher', 'Disabler', 'Initiator', 'Escape']",/apps/dota2/images/heroes/naga_siren_full.png?,/apps/dota2/images/heroes/naga_siren_icon.png,200,1.5,75,0.0,3.0,25,23,25,22,21,21,2.8,3.3,2.0,150,900,1.7,330,,True,0,89,96463,52287,12,22,50,5927,3191,7963,4118,8539,4356,6834,3432,4036,2025,1859,900,859,462,309,152,335653,0
88,90,npc_dota_hero_keeper_of_the_light,Keeper of the Light,int,Ranged,"['Support', 'Nuker', 'Disabler', 'Jungler']",/apps/dota2/images/heroes/keeper_of_the_light_full.png?,/apps/dota2/images/heroes/keeper_of_the_light_icon.png,200,0.25,75,0.0,0.0,25,18,25,18,15,23,2.3,1.6,3.2,600,900,1.7,330,,True,2,90,145955,66432,54,93,53,8458,3898,15713,7392,20487,9811,20078,9600,13734,6550,6899,3297,3295,1639,1491,722,645441,0
89,91,npc_dota_hero_wisp,Io,str,Ranged,"['Support', 'Escape', 'Nuker']",/apps/dota2/images/heroes/wisp_full.png?,/apps/dota2/images/heroes/wisp_icon.png,200,0.25,75,0.0,1.0,25,28,34,17,14,23,3.0,1.6,1.7,500,1200,1.7,320,0.7,True,0,91,88276,40011,26,42,52,3410,1573,6120,2868,7951,3718,7799,3547,5282,2386,2597,1199,1268,630,522,254,394885,0
90,92,npc_dota_hero_visage,Visage,int,Ranged,"['Support', 'Nuker', 'Durable', 'Disabler', 'Pusher']",/apps/dota2/images/heroes/visage_full.png?,/apps/dota2/images/heroes/visage_icon.png,200,0.25,75,0.0,-1.0,25,23,33,22,11,22,2.8,1.3,2.9,600,1400,1.7,285,,True,2,92,43305,20117,10,17,28,1819,871,2816,1384,3567,1797,3883,1926,3035,1537,1742,887,1003,544,445,217,165951,0
91,93,npc_dota_hero_slark,Slark,agi,Melee,"['Carry', 'Escape', 'Disabler', 'Nuker']",/apps/dota2/images/heroes/slark_full.png?,/apps/dota2/images/heroes/slark_icon.png,200,1.75,75,0.0,0.0,25,32,40,21,21,16,1.9,1.7,1.7,150,0,1.7,300,0.7,True,2,93,413682,214611,44,79,119,23855,12402,46522,23879,58989,30073,53130,27161,33119,16914,14795,7686,6415,3381,1729,873,2190494,0
92,94,npc_dota_hero_medusa,Medusa,agi,Ranged,"['Carry', 'Disabler', 'Durable']",/apps/dota2/images/heroes/medusa_full.png?,/apps/dota2/images/heroes/medusa_icon.png,200,0.25,75,0.0,-1.0,25,26,32,17,22,23,1.5,3.6,3.4,600,1200,1.7,275,,True,0,94,270865,149280,109,197,419,19993,10642,37560,19939,47118,24799,41260,21727,24044,12466,10847,5463,4756,2406,1887,958,1420101,0
93,95,npc_dota_hero_troll_warlord,Troll Warlord,agi,Ranged,"['Carry', 'Pusher', 'Disabler', 'Durable']",/apps/dota2/images/heroes/troll_warlord_full.png?,/apps/dota2/images/heroes/troll_warlord_icon.png,200,0.25,75,0.0,-1.0,25,27,35,21,21,13,2.5,3.3,1.0,500,1200,1.7,290,,True,2,95,204028,104681,16,24,36,12302,6154,15963,7896,16584,7934,13233,6159,7444,3459,3115,1436,1163,507,273,143,1035640,0
94,96,npc_dota_hero_centaur,Centaur Warrunner,str,Melee,"['Durable', 'Initiator', 'Disabler', 'Nuker', 'Escape']",/apps/dota2/images/heroes/centaur_full.png?,/apps/dota2/images/heroes/centaur_icon.png,200,0.25,75,0.0,0.0,25,36,38,27,15,15,4.6,1.0,1.6,150,900,1.7,300,,True,4,96,146544,78254,17,52,29,10044,5346,20622,10602,25999,13419,23373,11997,13726,6928,5850,2911,2376,1160,569,280,1111536,0
95,97,npc_dota_hero_magnataur,Magnus,str,Melee,"['Initiator', 'Disabler', 'Nuker', 'Escape']",/apps/dota2/images/heroes/magnataur_full.png?,/apps/dota2/images/heroes/magnataur_icon.png,200,0.5,75,0.0,1.0,25,32,40,25,15,19,3.5,2.5,2.1,150,900,1.8,305,0.8,True,4,97,165409,75708,87,157,176,6196,2890,17637,8237,30978,14850,34934,17178,24484,12018,12317,6106,5532,2780,1812,902,924470,0
96,98,npc_dota_hero_shredder,Timbersaw,str,Melee,"['Nuker', 'Durable', 'Escape']",/apps/dota2/images/heroes/shredder_full.png?,/apps/dota2/images/heroes/shredder_icon.png,200,0.25,75,0.5,0.0,25,26,30,24,16,23,3.2,1.6,2.7,150,900,1.7,290,,True,2,98,162083,75554,118,250,711,10808,5137,20768,9809,28240,13305,27850,13134,18752,8790,9423,4440,4775,2319,2186,1092,1099516,0
97,99,npc_dota_hero_bristleback,Bristleback,str,Melee,"['Carry', 'Durable', 'Initiator', 'Nuker']",/apps/dota2/images/heroes/bristleback_full.png?,/apps/dota2/images/heroes/bristleback_icon.png,200,0.25,75,0.25,1.0,25,30,36,22,17,14,2.9,1.8,2.8,150,900,1.8,290,0.9,True,2,99,436595,230800,19,37,68,30888,16465,49257,25539,56538,28554,47396,23788,26802,13431,10971,5409,4407,2138,1073,540,2148863,0
98,100,npc_dota_hero_tusk,Tusk,str,Melee,"['Initiator', 'Disabler', 'Nuker']",/apps/dota2/images/heroes/tusk_full.png?,/apps/dota2/images/heroes/tusk_icon.png,200,0.75,75,0.0,1.0,25,27,31,23,23,18,3.9,2.1,1.7,150,900,1.7,315,0.7,True,2,100,167153,74965,47,95,24,6563,2931,13695,6091,19493,8751,19406,8918,12767,5866,6315,3054,2835,1340,1068,503,994737,0
99,101,npc_dota_hero_skywrath_mage,Skywrath Mage,int,Ranged,"['Support', 'Nuker', 'Disabler']",/apps/dota2/images/heroes/skywrath_mage_full.png?,/apps/dota2/images/heroes/skywrath_mage_icon.png,200,0.25,75,0.0,-2.0,25,16,26,21,13,25,2.0,0.8,4.1,625,1000,1.7,325,,True,2,101,358018,185151,20,34,5,19347,9903,31104,15816,35501,18054,31194,15982,19419,9836,9104,4637,3889,1934,1176,601,1356118,0
100,102,npc_dota_hero_abaddon,Abaddon,str,Melee,"['Support', 'Carry', 'Durable']",/apps/dota2/images/heroes/abaddon_full.png?,/apps/dota2/images/heroes/abaddon_icon.png,200,1.0,75,0.0,-1.0,25,28,38,22,23,18,2.8,1.5,2.0,150,900,1.7,325,0.6,True,2,102,169083,91511,184,350,346,9070,4818,17803,9417,24149,12814,23203,12322,15736,8231,8243,4366,4256,2241,1930,1066,835499,0
101,103,npc_dota_hero_elder_titan,Elder Titan,str,Melee,"['Initiator', 'Disabler', 'Nuker', 'Durable']",/apps/dota2/images/heroes/elder_titan_full.png?,/apps/dota2/images/heroes/elder_titan_icon.png,200,0.25,75,0.0,0.0,25,23,33,26,14,23,3.0,1.8,1.6,150,900,1.7,310,,True,2,103,86467,43561,33,67,25,3267,1673,5932,2945,7764,3870,7551,3780,4988,2560,2397,1242,1172,588,476,222,300693,0
102,104,npc_dota_hero_legion_commander,Legion Commander,str,Melee,"['Carry', 'Disabler', 'Initiator', 'Durable', 'Nuker']",/apps/dota2/images/heroes/legion_commander_full.png?,/apps/dota2/images/heroes/legion_commander_icon.png,200,0.25,75,0.0,0.0,25,35,39,25,18,20,3.3,1.7,2.2,150,900,1.7,330,,True,2,104,350472,166981,29,67,75,25865,12968,44906,22467,54536,27374,48357,24312,30038,15345,13824,6968,5930,2976,1543,765,2137249,0
103,105,npc_dota_hero_techies,Techies,int,Ranged,"['Nuker', 'Disabler']",/apps/dota2/images/heroes/techies_full.png?,/apps/dota2/images/heroes/techies_icon.png,200,0.25,75,1.0,5.0,25,9,11,19,14,25,2.5,1.3,3.3,700,900,1.7,320,,True,6,105,287636,126040,9,21,32,21361,10715,34731,17119,40683,19709,35480,16950,21393,10149,9804,4633,3883,1876,1257,591,1454155,0
104,106,npc_dota_hero_ember_spirit,Ember Spirit,agi,Melee,"['Carry', 'Escape', 'Nuker', 'Disabler', 'Initiator']",/apps/dota2/images/heroes/ember_spirit_full.png?,/apps/dota2/images/heroes/ember_spirit_icon.png,200,0.5,75,0.0,-1.0,25,33,37,21,22,20,2.6,2.6,2.2,150,900,1.7,305,,True,2,106,170239,73645,103,198,295,7280,3259,16568,7368,27108,12297,29863,13841,21137,10037,10648,5131,4888,2370,2052,1054,1161550,0
105,107,npc_dota_hero_earth_spirit,Earth Spirit,str,Melee,"['Nuker', 'Escape', 'Disabler', 'Initiator', 'Durable']",/apps/dota2/images/heroes/earth_spirit_full.png?,/apps/dota2/images/heroes/earth_spirit_icon.png,200,0.25,75,0.0,0.0,25,25,35,22,17,20,4.4,2.4,2.1,150,900,1.7,290,,True,2,107,99183,44354,58,115,74,3739,1715,8525,3947,13646,6435,15609,7298,11723,5656,6054,2967,2920,1437,1316,650,718463,0
106,108,npc_dota_hero_abyssal_underlord,Underlord,str,Melee,"['Support', 'Nuker', 'Disabler', 'Durable', 'Escape']",/apps/dota2/images/heroes/abyssal_underlord_full.png?,/apps/dota2/images/heroes/abyssal_underlord_icon.png,200,0.25,75,0.0,3.0,25,37,43,25,12,17,3.0,1.6,2.3,200,900,1.7,290,,True,2,108,119640,65151,14,38,34,6654,3590,14396,7829,20837,11566,20583,11171,12803,6964,5767,3104,2325,1188,470,221,882996,0
107,109,npc_dota_hero_terrorblade,Terrorblade,agi,Melee,"['Carry', 'Pusher', 'Nuker']",/apps/dota2/images/heroes/terrorblade_full.png?,/apps/dota2/images/heroes/terrorblade_icon.png,200,1.0,75,0.0,5.0,25,30,36,16,22,19,1.7,4.4,1.6,150,900,1.5,315,,True,2,109,131629,65531,127,239,521,7676,3629,13467,6385,18037,8407,18076,8649,13036,6038,7309,3504,4160,1990,2236,1043,649350,0
108,110,npc_dota_hero_phoenix,Phoenix,str,Ranged,"['Support', 'Nuker', 'Initiator', 'Escape', 'Disabler']",/apps/dota2/images/heroes/phoenix_full.png?,/apps/dota2/images/heroes/phoenix_icon.png,200,1.0,75,0.0,-1.0,25,26,36,23,12,16,3.5,1.3,1.8,525,1100,1.7,280,0.9,True,2,110,106138,49314,87,176,125,4489,2072,10240,4824,15782,7440,16856,7787,12166,5700,6390,3013,3101,1443,1129,552,799121,0
109,111,npc_dota_hero_oracle,Oracle,int,Ranged,"['Support', 'Nuker', 'Disabler', 'Escape']",/apps/dota2/images/heroes/oracle_full.png?,/apps/dota2/images/heroes/oracle_icon.png,200,0.25,75,0.5,1.0,25,13,19,20,15,26,2.4,1.7,3.8,620,900,1.7,295,0.7,True,0,111,94893,43416,47,97,135,3964,1767,8813,4025,14015,6463,15542,7346,11847,5705,6377,3132,3204,1615,1119,548,670879,0
110,112,npc_dota_hero_winter_wyvern,Winter Wyvern,int,Ranged,"['Support', 'Disabler', 'Nuker']",/apps/dota2/images/heroes/winter_wyvern_full.png?,/apps/dota2/images/heroes/winter_wyvern_icon.png,200,0.25,75,0.0,0.0,25,14,21,24,16,26,2.6,1.7,3.6,425,700,1.7,285,,True,2,112,242726,127307,162,323,413,14226,7378,30471,15997,43981,23290,45411,24316,31869,17202,16754,9190,8610,4631,3386,1821,1219524,0
111,113,npc_dota_hero_arc_warden,Arc Warden,agi,Ranged,"['Carry', 'Escape', 'Nuker']",/apps/dota2/images/heroes/arc_warden_full.png?,/apps/dota2/images/heroes/arc_warden_icon.png,200,0.25,75,0.0,-1.0,25,31,41,23,16,24,2.8,2.5,2.6,625,900,1.7,285,0.7,True,2,113,126530,66528,14,30,58,6065,2999,11457,5867,15277,8012,15704,8257,11059,5794,5566,2911,2334,1209,540,263,560481,0
112,114,npc_dota_hero_monkey_king,Monkey King,agi,Melee,"['Carry', 'Escape', 'Disabler', 'Initiator']",/apps/dota2/images/heroes/monkey_king_full.png?,/apps/dota2/images/heroes/monkey_king_icon.png,200,1.0,75,0.0,2.0,25,29,33,18,22,20,2.8,3.7,1.8,300,900,1.7,305,,True,2,114,311751,146378,38,78,140,19899,9497,31827,15177,38983,18858,35866,17269,23030,11180,10900,5314,4582,2236,1373,697,1690136,0
113,119,npc_dota_hero_dark_willow,Dark Willow,int,Ranged,"['Support', 'Nuker', 'Disabler', 'Escape']",/apps/dota2/images/heroes/dark_willow_full.png?,/apps/dota2/images/heroes/dark_willow_icon.png,200,0.5,75,0.0,-1.0,25,27,35,20,18,21,2.0,1.6,3.5,475,1200,1.5,290,0.7,True,2,119,281847,136518,51,123,67,12244,5984,22681,11196,31157,15424,30747,15521,20526,10509,10449,5298,4961,2550,1906,951,1108571,0
114,120,npc_dota_hero_pangolier,Pangolier,agi,Melee,"['Carry', 'Nuker', 'Disabler', 'Durable', 'Escape', 'Initiator']",/apps/dota2/images/heroes/pangolier_full.png?,/apps/dota2/images/heroes/pangolier_icon.png,200,0.25,75,0.0,1.0,25,33,39,17,18,16,2.5,3.2,1.9,150,900,1.7,305,0.9,True,2,120,151210,68460,110,206,213,5039,2205,11531,5270,19018,8817,23521,11185,18987,9097,10665,5095,5685,2769,2388,1170,871758,0
115,121,npc_dota_hero_grimstroke,Grimstroke,int,Ranged,"['Support', 'Nuker', 'Disabler', 'Escape']",/apps/dota2/images/heroes/grimstroke_full.png?,/apps/dota2/images/heroes/grimstroke_icon.png,200,0.25,75,0.0,0.0,25,21,25,21,18,25,2.4,1.9,3.8,600,900,1.7,290,,True,0,121,184916,90529,143,295,163,11580,5640,24884,12344,37214,18539,39149,19518,26904,13197,13382,6490,6375,3137,2315,1149,1510140,0
116,123,npc_dota_hero_hoodwink,Hoodwink,agi,Ranged,"['Support', 'Nuker', 'Escape', 'Disabler']",/apps/dota2/images/heroes/hoodwink_full.png?,/apps/dota2/images/heroes/hoodwink_icon.png,200,0.25,75,0.0,0.0,25,22,29,17,24,21,2.0,3.6,2.9,575,1800,2.0,310,0.9,True,4,123,350712,172808,241,504,235,15321,7630,32444,16554,49964,25530,54559,27980,38888,19795,19324,9837,9399,4781,3616,1834,1620865,0
117,126,npc_dota_hero_void_spirit,Void Spirit,int,Melee,"['Carry', 'Escape', 'Nuker', 'Disabler']",/apps/dota2/images/heroes/void_spirit_full.png?,/apps/dota2/images/heroes/void_spirit_icon.png,200,0.25,75,0.6,-1.0,25,30,34,22,19,24,2.6,2.2,3.1,200,900,1.7,295,0.7,True,2,126,168808,78231,81,151,172,6829,3123,13057,6160,19891,9511,21804,10647,16458,8070,9031,4360,4698,2361,1832,919,974870,0
118,128,npc_dota_hero_snapfire,Snapfire,str,Ranged,"['Support', 'Nuker', 'Disabler', 'Escape']",/apps/dota2/images/heroes/snapfire_full.png?,/apps/dota2/images/heroes/snapfire_icon.png,200,0.25,75,0.0,1.0,25,26,32,20,16,21,3.5,1.9,2.2,500,1800,1.6,300,,True,2,128,187602,84943,36,64,21,7441,3382,15402,7207,22817,10440,23581,10900,15758,7156,7312,3328,2975,1365,781,358,1119569,0
119,129,npc_dota_hero_mars,Mars,str,Melee,"['Carry', 'Initiator', 'Disabler', 'Durable']",/apps/dota2/images/heroes/mars_full.png?,/apps/dota2/images/heroes/mars_icon.png,200,0.25,75,0.5,-1.0,25,29,37,23,20,21,3.4,1.7,2.2,250,900,1.8,310,0.8,True,2,129,169691,80997,176,378,454,9775,4619,21549,10037,33762,15812,36874,17376,26831,12688,14356,6875,7027,3418,3012,1453,1517998,0
120,135,npc_dota_hero_dawnbreaker,Dawnbreaker,str,Melee,"['Carry', 'Durable']",/apps/dota2/images/heroes/dawnbreaker_full.png?,/apps/dota2/images/heroes/dawnbreaker_icon.png,200,0.25,75,0.0,2.0,25,31,35,26,14,20,3.6,1.7,2.2,150,900,1.7,310,0.6,False,2,135,156140,74387,1,1,0,8403,4131,16327,8169,23190,11481,23501,11759,16239,8182,8408,4240,4363,2205,1720,846,1273456,0
